City_ID,City,Country,Date,Lat,Lng,Max Temp,Humidity,Cloudiness,Wind Speed
0,Formosa Do Rio Preto,BR,2021-07-28 14:51:02,-11.0483,-45.1931,92.8,20,0,3.62
1,Isangel,VU,2021-07-28 14:51:03,-19.55,169.2667,69.51,67,20,12.5
2,Maneadero,MX,2021-07-28 14:51:03,31.7167,-116.5667,67.1,92,2,1.99
3,Bethel,US,2021-07-28 14:51:03,41.3712,-73.414,76.28,73,40,3.0
4,New Norfolk,AU,2021-07-28 14:51:04,-42.7826,147.0587,44.1,78,57,1.01
5,Vaini,TO,2021-07-28 14:51:04,-21.2,-175.2,68.16,83,20,8.05
6,Lata,PT,2021-07-28 14:51:04,40.1629,-8.3327,92.05,34,0,13.11
7,Bluff,NZ,2021-07-28 14:51:05,-46.6,168.3333,45.81,87,48,8.32
8,Muriti,TZ,2021-07-28 14:51:05,-1.9833,32.9167,76.59,46,54,2.62
9,Sao Geraldo Do Araguaia,BR,2021-07-28 14:51:06,-6.4006,-48.555,96.94,21,0,5.28
10,Nikolskoye,RU,2021-07-28 14:51:06,59.7035,30.7861,76.89,79,100,4.09
11,Tasiilaq,GL,2021-07-28 14:51:06,65.6145,-37.6368,44.2,67,90,1.61
12,Kathu,TH,2021-07-28 14:51:07,7.9178,98.3332,84.69,86,62,15.5
13,Barcelos,PT,2021-07-28 14:51:07,41.5388,-8.6151,86.92,39,0,15.23
14,Ribeira Grande,PT,2021-07-28 14:51:07,38.5167,-28.7,79.2,61,40,12.66
15,Arraial Do Cabo,BR,2021-07-28 14:48:13,-22.9661,-42.0278,80.56,83,75,16.11
16,Torbay,CA,2021-07-28 14:51:08,47.6666,-52.7314,74.28,90,75,12.66
17,Erenhot,CN,2021-07-28 14:51:08,43.6475,111.9767,74.62,53,65,8.97
18,Barrow,US,2021-07-28 14:51:08,71.2906,-156.7887,37.42,97,90,20.71
19,Airai,TL,2021-07-28 14:51:09,-8.9266,125.4092,57.61,64,1,3.13
20,Abu Dhabi,AE,2021-07-28 14:49:59,24.4667,54.3667,105.91,47,0,9.22
21,Coahuayana,MX,2021-07-28 14:51:09,18.7333,-103.6833,83.68,82,92,2.46
22,Karratha,AU,2021-07-28 14:51:09,-20.7377,116.8463,70.14,67,56,12.06
23,Ushtobe,KZ,2021-07-28 14:51:10,45.2514,77.9838,71.28,20,0,9.66
24,Punta Arenas,CL,2021-07-28 14:51:10,-53.15,-70.9167,44.71,81,0,5.75
25,Creston,US,2021-07-28 14:51:10,41.0586,-94.3614,83.48,94,1,8.05
26,Ushuaia,AR,2021-07-28 14:51:11,-54.8,-68.3,44.26,81,40,4.61
27,Puerto Ayora,EC,2021-07-28 14:50:38,-0.7393,-90.3518,71.56,81,84,9.73
28,Port Alfred,ZA,2021-07-28 14:51:11,-33.5906,26.891,62.19,72,39,8.46
29,Khash,IR,2021-07-28 14:51:11,28.2211,61.2158,91.36,11,99,17.11
30,Avarua,CK,2021-07-28 14:51:12,-21.2078,-159.775,69.85,88,90,1.14
31,Cape Town,ZA,2021-07-28 14:51:03,-33.9258,18.4232,59.41,61,75,3.0
32,Hermanus,ZA,2021-07-28 14:51:12,-34.4187,19.2345,58.8,65,38,19.15
33,Mangochi,MW,2021-07-28 14:51:12,-14.4782,35.2645,74.89,35,0,7.02
34,San Cristobal,VE,2021-07-28 14:51:13,7.7669,-72.225,69.98,52,19,6.44
35,Hithadhoo,MV,2021-07-28 14:51:13,-0.6,73.0833,82.53,75,100,10.74
36,Port Elizabeth,ZA,2021-07-28 14:51:13,-33.918,25.5701,59.29,77,75,11.5
37,Jamestown,US,2021-07-28 14:51:14,42.097,-79.2353,77.18,79,75,1.99
38,Chokurdakh,RU,2021-07-28 14:51:14,70.6333,147.9167,36.41,78,99,11.3
39,Bathsheba,BB,2021-07-28 14:51:14,13.2167,-59.5167,84.81,74,75,18.41
40,Seminole,US,2021-07-28 14:51:15,28.7086,-81.2081,89.37,79,1,1.99
41,Busselton,AU,2021-07-28 14:51:15,-33.65,115.3333,57.09,80,66,23.17
42,Mount Isa,AU,2021-07-28 14:51:15,-20.7333,139.5,58.77,55,6,0.0
43,Coos Bay,US,2021-07-28 14:51:16,43.3665,-124.2179,70.86,93,75,5.75
44,Carbonia,IT,2021-07-28 14:51:16,39.1672,8.5222,92.35,24,0,8.52
45,Floro,NO,2021-07-28 14:51:16,61.5996,5.0328,68.7,94,75,0.0
46,Shaturtorf,RU,2021-07-28 14:51:17,55.5672,39.4169,62.73,91,100,6.87
47,Norman Wells,CA,2021-07-28 14:51:17,65.282,-126.8329,53.64,100,75,3.44
48,Alice Springs,AU,2021-07-28 14:51:17,-23.7,133.8833,54.95,58,3,0.0
49,Burnie,AU,2021-07-28 14:51:18,-41.0667,145.9167,47.05,73,15,16.78
50,Batemans Bay,AU,2021-07-28 14:51:18,-35.7167,150.1833,55.9,39,0,11.81
51,Georgetown,MY,2021-07-28 14:51:18,5.4112,100.3354,85.95,75,20,0.0
52,Caravelas,BR,2021-07-28 14:51:18,-17.7125,-39.2481,85.06,50,0,9.71
53,Manoel Urbano,BR,2021-07-28 14:51:19,-8.8389,-69.2597,82.4,61,15,5.88
54,Rikitea,PF,2021-07-28 14:51:19,-23.1203,-134.9692,74.28,78,100,14.97
55,Lebu,CL,2021-07-28 14:51:19,-37.6167,-73.65,51.94,57,0,15.82
56,Santiago Del Estero,AR,2021-07-28 14:48:28,-27.7951,-64.2615,52.81,26,5,6.76
57,East London,ZA,2021-07-28 14:51:20,-33.0153,27.9116,63.54,82,75,4.61
58,Faanui,PF,2021-07-28 14:51:20,-16.4833,-151.75,77.59,70,63,1.95
59,Kapaa,US,2021-07-28 14:51:20,22.0752,-159.319,79.12,75,75,12.66
60,Abashiri,JP,2021-07-28 14:51:21,44.0213,144.2697,70.52,94,8,10.56
61,Tartus,SY,2021-07-28 14:51:21,34.889,35.8866,90.43,46,0,6.82
62,Cherskiy,RU,2021-07-28 14:51:21,68.75,161.3,34.48,93,86,9.91
63,Saskylakh,RU,2021-07-28 14:51:22,71.9167,114.0833,62.47,49,48,11.95
64,Saint-Philippe,RE,2021-07-28 14:51:22,-21.3585,55.7679,71.19,91,100,18.99
65,Sitka,US,2021-07-28 14:51:22,57.0531,-135.33,51.69,87,20,3.44
66,La Palma,US,2021-07-28 14:51:23,33.8464,-118.0467,85.96,86,20,1.01
67,Aklavik,CA,2021-07-28 14:51:23,68.2191,-135.0107,57.2,88,90,3.44
68,Cairns,AU,2021-07-28 14:51:23,-16.9167,145.7667,66.07,96,8,2.3
69,Port Lincoln,AU,2021-07-28 14:51:23,-34.7333,135.8667,50.47,71,12,8.79
70,Tuktoyaktuk,CA,2021-07-28 14:51:24,69.4541,-133.0374,46.4,100,90,10.36
71,Lagoa,PT,2021-07-28 14:51:24,39.05,-27.9833,71.64,83,88,9.06
72,Carnarvon,AU,2021-07-28 14:51:24,-24.8667,113.6333,60.87,61,75,4.61
73,Broken Hill,AU,2021-07-28 14:51:25,-31.95,141.4333,47.91,66,0,12.66
74,Touros,BR,2021-07-28 14:51:25,-5.1989,-35.4608,85.1,61,16,17.58
75,Pivijay,CO,2021-07-28 14:51:25,10.4617,-74.6162,84.29,60,93,6.04
76,Jurm,AF,2021-07-28 14:51:26,36.8648,70.8342,76.55,37,0,6.02
77,Tura,IN,2021-07-28 14:51:26,25.5198,90.2201,76.21,94,100,8.68
78,Flinders,AU,2021-07-28 14:51:26,-34.5833,150.8552,56.8,65,0,10.33
79,Port Hedland,AU,2021-07-28 14:51:27,-20.3167,118.5667,69.85,78,54,12.66
80,Laguna,US,2021-07-28 14:51:27,38.421,-121.4238,84.02,66,1,1.99
81,Victoria,HK,2021-07-28 14:47:00,22.2855,114.1577,87.33,80,52,4.0
82,Cayenne,GF,2021-07-28 14:51:27,4.9333,-52.3333,82.44,80,90,2.3
83,Longyearbyen,SJ,2021-07-28 14:51:28,78.2186,15.6401,44.44,87,90,12.66
84,Hovd,MN,2021-07-28 14:51:28,48.0056,91.6419,70.05,18,0,7.99
85,Kavaratti,IN,2021-07-28 14:51:28,10.5669,72.642,82.13,80,100,16.28
86,Corner Brook,CA,2021-07-28 14:51:29,48.9667,-57.9484,68.16,90,100,2.01
87,Muncar,ID,2021-07-28 14:51:29,-8.4333,114.3333,75.15,87,19,4.36
88,Havoysund,NO,2021-07-28 14:51:29,70.9963,24.6622,49.08,80,100,6.89
89,Lorengau,PG,2021-07-28 14:51:30,-2.0226,147.2712,82.02,79,24,7.56
90,Dudinka,RU,2021-07-28 14:51:30,69.4058,86.1778,55.13,76,96,2.98
91,Hualmay,PE,2021-07-28 14:51:30,-11.0964,-77.6139,66.92,74,34,9.35
92,Awbari,LY,2021-07-28 14:51:31,26.5921,12.7805,102.07,10,0,9.04
93,Castro,BR,2021-07-28 14:51:31,-24.7911,-50.0119,46.44,45,88,9.33
94,Qaanaaq,GL,2021-07-28 14:51:31,77.484,-69.3632,45.48,94,100,9.6
95,Progreso,MX,2021-07-28 14:51:31,21.2833,-89.6667,88.11,65,22,4.27
96,Dingle,PH,2021-07-28 14:51:32,10.9995,122.6711,79.02,82,100,9.13
97,Dikson,RU,2021-07-28 14:51:32,73.5069,80.5464,37.69,96,100,13.67
98,Mataura,NZ,2021-07-28 14:51:32,-46.1927,168.8643,45.48,98,47,3.69
99,Avera,US,2021-07-28 14:51:33,33.194,-82.5271,85.68,68,81,1.5
100,Yellowknife,CA,2021-07-28 14:50:27,62.456,-114.3525,58.32,76,75,1.01
101,Komsomolskiy,UZ,2021-07-28 14:51:33,40.4272,71.7189,88.52,25,0,6.91
102,Lompoc,US,2021-07-28 14:51:34,34.6391,-120.4579,64.08,92,90,3.44
103,Najran,SA,2021-07-28 14:51:34,17.4924,44.1277,101.05,20,87,6.71
104,San Patricio,US,2021-07-28 14:51:34,28.017,-97.5169,88.02,66,0,2.55
105,Petropavlovsk-Kamchatskiy,RU,2021-07-28 14:51:35,53.0452,158.6483,63.19,88,0,2.24
106,Kargil,IN,2021-07-28 14:51:35,34.5667,76.1,64.2,55,100,6.08
107,Zverinogolovskoye,RU,2021-07-28 14:51:35,54.4586,64.8542,58.41,58,58,8.93
108,Constantine,DZ,2021-07-28 14:51:36,36.365,6.6147,105.21,11,20,5.75
109,Albany,US,2021-07-28 14:49:22,42.6001,-73.9662,73.15,75,77,5.82
110,Okha,RU,2021-07-28 14:51:36,53.5739,142.9478,63.14,100,100,4.97
111,Atuona,PF,2021-07-28 14:51:36,-9.8,-139.0333,77.45,72,81,19.39
112,Weligama,LK,2021-07-28 14:51:36,5.9667,80.4167,79.47,86,63,11.14
113,Saint Albans,GB,2021-07-28 14:47:04,51.75,-0.3333,68.81,80,75,19.57
114,Mamallapuram,IN,2021-07-28 14:51:37,12.6264,80.1722,93.25,67,100,15.48
115,Basco,PH,2021-07-28 14:51:37,20.4487,121.9702,83.62,84,65,25.05
116,La Ronge,CA,2021-07-28 14:51:37,55.1001,-105.2842,61.05,67,1,4.61
117,Ilulissat,GL,2021-07-28 14:51:38,69.2167,-51.1,43.88,82,58,4.9
118,Kahului,US,2021-07-28 14:47:08,20.8947,-156.47,77.85,85,1,4.61
119,Jalostotitlan,MX,2021-07-28 14:51:38,21.2,-102.4667,66.18,60,100,3.33
120,Zarnovica,SK,2021-07-28 14:51:38,48.4812,18.7157,93.67,35,4,7.43
121,Beringovskiy,RU,2021-07-28 14:51:39,63.05,179.3167,46.38,81,100,10.69
122,Straumen,NO,2021-07-28 14:51:39,63.8709,11.2999,85.95,40,59,6.33
123,Kaifeng,CN,2021-07-28 14:51:39,34.7911,114.3483,76.06,79,100,21.56
124,Ormara,PK,2021-07-28 14:51:40,25.2088,64.6357,82.24,87,100,14.18
125,Severo-Kurilsk,RU,2021-07-28 14:51:40,50.6789,156.125,57.2,93,100,7.25
126,Bambous Virieux,MU,2021-07-28 14:51:40,-20.3428,57.7575,70.05,88,75,18.41
127,Narsaq,GL,2021-07-28 14:51:41,60.9167,-46.05,50.63,70,100,5.75
128,Chuy,UY,2021-07-28 14:51:41,-33.6971,-53.4616,42.48,92,100,16.22
129,Provideniya,RU,2021-07-28 14:51:41,64.3833,-173.3,46.53,99,100,7.61
130,Inta,RU,2021-07-28 14:51:42,66.0317,60.1659,44.71,96,100,7.34
131,Mar Del Plata,AR,2021-07-28 14:51:42,-38.0023,-57.5575,48.0,66,75,11.01
132,Thompson,CA,2021-07-28 14:51:42,55.7435,-97.8558,60.96,72,20,13.8
133,Zhuhai,CN,2021-07-28 14:51:43,22.2769,113.5678,87.06,78,66,13.27
134,Wewak,PG,2021-07-28 14:51:43,-3.5534,143.6268,79.5,86,35,5.86
135,Prince Rupert,CA,2021-07-28 14:51:43,54.3161,-130.3201,55.09,97,90,3.44
136,Kanganpur,PK,2021-07-28 14:51:43,30.7663,74.1231,84.94,74,99,7.67
137,Saint George,US,2021-07-28 14:50:41,37.1041,-113.5841,89.35,51,1,0.0
138,Souillac,MU,2021-07-28 14:51:44,-20.5167,57.5167,70.18,88,75,18.41
139,Tazmalt,DZ,2021-07-28 14:51:44,36.3868,4.3989,106.03,11,0,12.24
140,Riyadh,SA,2021-07-28 14:47:12,24.6877,46.7219,113.14,8,79,18.48
141,Saint Anthony,US,2021-07-28 14:51:45,45.0205,-93.218,74.25,87,75,10.36
142,Port Augusta,AU,2021-07-28 14:51:45,-32.5,137.7667,43.7,76,0,3.11
143,Impfondo,CG,2021-07-28 14:51:45,1.6381,18.0667,88.07,43,100,6.35
144,Lewistown,US,2021-07-28 14:51:46,40.5992,-77.5714,80.91,66,40,0.0
145,Gizo,SB,2021-07-28 14:51:46,-8.103,156.8419,80.96,77,42,5.53
146,Marapanim,BR,2021-07-28 14:51:46,-0.7175,-47.6997,88.83,56,6,5.97
147,Dillon,US,2021-07-28 14:51:47,34.4166,-79.3712,86.25,69,100,3.96
148,Altay,CN,2021-07-28 14:51:47,47.8667,88.1167,63.3,42,0,6.49
149,Balkanabat,TM,2021-07-28 14:51:47,39.5108,54.3671,89.49,47,56,13.69
150,Alofi,NU,2021-07-28 14:51:48,-19.0595,-169.9187,67.89,94,100,3.44
151,Sumbe,AO,2021-07-28 14:51:48,-11.2061,13.8437,77.0,74,0,11.5
152,Qasigiannguit,GL,2021-07-28 14:51:48,68.8193,-51.1922,45.95,78,100,8.46
153,Dunedin,NZ,2021-07-28 14:47:38,-45.8742,170.5036,47.8,68,67,5.01
154,Oskarshamn,SE,2021-07-28 14:51:49,57.2645,16.4484,74.8,56,100,8.99
155,Svetlaya,RU,2021-07-28 14:51:49,46.5389,138.3297,68.25,90,19,4.99
156,Homer,US,2021-07-28 14:51:49,59.6425,-151.5483,55.29,80,1,9.22
157,Tomatlan,MX,2021-07-28 14:51:50,19.9333,-105.25,82.18,78,97,2.62
158,Butaritari,KI,2021-07-28 14:51:50,3.0707,172.7902,81.9,73,99,7.65
159,Inongo,CD,2021-07-28 14:51:50,-1.95,18.2667,78.08,36,58,1.23
160,Buzuluk,RU,2021-07-28 14:51:50,52.7807,52.2635,75.31,31,6,8.14
161,Cognac,FR,2021-07-28 14:51:51,45.5,-0.25,77.67,50,75,11.5
162,Hobart,AU,2021-07-28 14:52:12,-42.8794,147.3294,44.46,77,40,4.0
163,Maragogi,BR,2021-07-28 14:52:12,-9.0122,-35.2225,79.63,66,9,8.46
164,Kortkeros,RU,2021-07-28 14:52:13,61.8106,51.5806,62.6,65,95,2.51
165,Rawson,AR,2021-07-28 14:50:49,-43.3002,-65.1023,45.72,53,24,13.06
166,Dahanu,IN,2021-07-28 14:52:13,19.9667,72.7333,81.55,85,100,20.31
167,Elblag,PL,2021-07-28 14:52:13,54.1522,19.4088,76.75,75,97,12.01
168,Ponta Do Sol,PT,2021-07-28 14:51:42,32.6667,-17.1,81.72,71,0,0.76
169,Veraval,IN,2021-07-28 14:52:14,20.9,70.3667,82.0,84,100,24.45
170,Sayansk,RU,2021-07-28 14:51:40,54.1088,102.1648,70.36,50,82,1.41
171,Nyurba,RU,2021-07-28 14:52:14,63.2842,118.3319,63.55,64,42,5.41
172,Taksimo,RU,2021-07-28 14:52:15,56.3444,114.8794,63.72,86,100,2.46
173,Los Llanos De Aridane,ES,2021-07-28 14:52:15,28.6585,-17.9182,73.13,78,75,18.41
174,Portales,US,2021-07-28 14:52:15,34.1862,-103.3344,82.96,41,96,2.46
175,Te Anau,NZ,2021-07-28 14:50:07,-45.4167,167.7167,40.89,92,30,1.63
176,Cam Ranh,VN,2021-07-28 14:52:16,11.9214,109.1591,85.96,66,20,10.36
177,Belaya Gora,RU,2021-07-28 14:52:16,68.5333,146.4167,37.92,80,32,9.08
178,Rajapur,IN,2021-07-28 14:52:16,25.3833,81.15,80.2,86,100,13.47
179,Berlevag,NO,2021-07-28 14:52:17,70.8578,29.0864,48.15,81,90,4.61
180,Onitsha,NG,2021-07-28 14:52:17,6.1454,6.7885,84.22,62,81,5.73
181,San Pedro,PH,2021-07-28 14:52:17,14.35,121.0167,82.15,90,90,6.91
182,Darhan,MN,2021-07-28 14:52:18,49.4867,105.9228,66.88,64,69,1.9
183,Geraldton,AU,2021-07-28 14:52:18,-28.7667,114.6,63.01,77,90,14.97
184,Kushmurun,KZ,2021-07-28 14:52:18,52.4503,64.6311,66.04,59,52,9.93
185,Guerrero Negro,MX,2021-07-28 14:52:19,27.9769,-114.0611,72.39,76,0,10.83
186,Saint-Georges,GD,2021-07-28 14:52:19,12.0564,-61.7485,85.68,74,75,16.11
187,Sao Filipe,CV,2021-07-28 14:52:19,14.8961,-24.4956,76.21,74,49,12.08
188,Klaksvik,FO,2021-07-28 14:52:20,62.2266,-6.589,54.52,92,95,8.03
189,Leningradskiy,RU,2021-07-28 14:52:20,69.3833,178.4167,33.22,99,100,16.2
190,Deputatskiy,RU,2021-07-28 14:52:20,69.3,139.9,35.01,83,14,3.65
191,Ivanteyevka,RU,2021-07-28 14:52:21,55.9711,37.9208,67.24,82,100,4.0
192,Noumea,NC,2021-07-28 14:47:33,-22.2763,166.4572,69.01,99,48,8.99
193,Bredasdorp,ZA,2021-07-28 14:52:21,-34.5322,20.0403,60.12,48,69,13.8
194,Matay,EG,2021-07-28 14:52:21,28.419,30.7792,100.9,12,5,14.07
195,Bardiyah,LY,2021-07-28 14:52:22,31.7561,25.0865,87.01,45,0,15.08
196,Chulman,RU,2021-07-28 14:52:22,56.8479,124.9104,59.25,86,100,4.14
197,Ishurdi,BD,2021-07-28 14:52:22,24.1333,89.0833,79.7,90,99,10.92
198,Cuamba,MZ,2021-07-28 14:52:23,-14.8031,36.5372,74.86,31,1,3.85
199,Gayny,RU,2021-07-28 14:52:23,60.3071,54.3241,53.31,60,100,4.72
200,Upernavik,GL,2021-07-28 14:52:23,72.7868,-56.1549,44.28,85,100,13.94
201,Beihai,CN,2021-07-28 14:52:24,21.4833,109.1,86.11,82,76,9.62
202,Miramar,US,2021-07-28 14:52:24,25.9873,-80.2323,92.01,69,40,0.0
203,Heishan,CN,2021-07-28 14:52:24,41.6892,122.1128,78.28,77,100,3.04
204,Tukrah,LY,2021-07-28 14:52:24,32.5341,20.5791,84.34,58,0,13.94
205,Aleksandrovsk-Sakhalinskiy,RU,2021-07-28 14:52:25,50.8975,142.1561,65.59,92,50,2.66
206,Svetlogorsk,BY,2021-07-28 14:52:25,52.6333,29.7333,81.03,52,76,8.25
207,Sambava,MG,2021-07-28 14:52:25,-14.2667,50.1667,72.32,70,0,11.59
208,Katsuura,JP,2021-07-28 14:52:26,35.1333,140.3,82.11,88,13,20.83
209,Santa Isabel,BR,2021-07-28 14:52:26,-23.3156,-46.2214,55.11,93,100,5.03
210,Daru,PG,2021-07-28 14:52:26,-9.0763,143.2092,77.25,91,74,13.15
211,Half Moon Bay,US,2021-07-28 14:52:27,37.4636,-122.4286,68.76,86,1,0.0
212,Nioro,GM,2021-07-28 14:52:27,13.35,-15.75,88.39,57,94,8.23
213,Kodiak,US,2021-07-28 14:52:27,57.79,-152.4072,54.91,71,90,0.0
214,Roebourne,AU,2021-07-28 14:52:27,-20.7833,117.1333,70.74,63,31,11.3
215,Husavik,IS,2021-07-28 14:52:28,66.0449,-17.3389,48.11,98,100,10.87
216,Voh,NC,2021-07-28 14:52:28,-20.9667,164.7,63.63,77,10,5.57
217,Fukue,JP,2021-07-28 14:52:28,32.6881,128.8419,78.87,82,0,5.14
218,Pingliang,CN,2021-07-28 14:52:29,35.5392,106.6861,69.28,53,0,2.55
219,Davila,PH,2021-07-28 14:52:29,18.4726,120.5763,81.88,84,91,21.88
220,Boa Vista,BR,2021-07-28 14:52:29,2.8197,-60.6733,78.78,78,75,3.44
221,Clyde River,CA,2021-07-28 14:51:53,70.4692,-68.5914,50.23,81,75,4.61
222,Nabire,ID,2021-07-28 14:49:17,-3.3667,135.4833,78.69,89,94,1.21
223,Vostok,RU,2021-07-28 14:52:30,46.4856,135.8833,72.77,81,100,3.53
224,Santa Adelia,BR,2021-07-28 14:52:30,-21.2428,-48.8042,58.28,73,100,12.21
225,Puerto Madryn,AR,2021-07-28 14:52:17,-42.7692,-65.0385,45.9,53,16,10.47
226,Vestmanna,FO,2021-07-28 14:52:31,62.1564,-7.1664,52.72,100,75,8.05
227,Zinder,NE,2021-07-28 14:52:31,13.8072,8.9881,80.56,69,40,2.3
228,Tiksi,RU,2021-07-28 14:52:31,71.6872,128.8694,36.9,95,52,5.1
229,Mount Gambier,AU,2021-07-28 14:52:32,-37.8333,140.7667,46.31,76,90,9.22
230,Zyryanka,RU,2021-07-28 14:52:32,65.75,150.85,41.9,95,100,10.42
231,Kaitangata,NZ,2021-07-28 14:52:32,-46.2817,169.8464,48.92,76,49,4.68
232,Uglovskoye,RU,2021-07-28 14:52:32,51.3557,80.1942,63.0,41,18,7.61
233,Shahpur,IN,2021-07-28 14:52:33,16.7,76.8333,78.75,68,100,18.21
234,Ambilobe,MG,2021-07-28 14:52:33,-13.2,49.05,72.32,69,35,4.03
235,Envira,BR,2021-07-28 14:52:34,-7.3,-70.2167,89.94,46,5,3.36
236,Nishihara,JP,2021-07-28 14:52:34,26.1842,127.7558,81.68,89,75,4.61
237,Manicore,BR,2021-07-28 14:52:34,-5.8092,-61.3003,89.55,58,0,3.44
238,Bandarbeyla,SO,2021-07-28 14:52:34,9.4942,50.8122,78.64,74,75,30.71
239,Beyneu,KZ,2021-07-28 14:52:35,45.3167,55.2,81.66,20,99,10.47
240,Codrington,AU,2021-07-28 14:52:35,-38.2667,141.9667,44.44,85,38,12.8
241,Plettenberg Bay,ZA,2021-07-28 14:52:35,-34.0527,23.3716,56.26,69,100,8.9
242,Talnakh,RU,2021-07-28 14:52:36,69.4865,88.3972,57.81,81,100,2.84
243,Wanlaweyn,SO,2021-07-28 14:52:36,2.6185,44.8938,80.35,60,78,22.37
244,Sioux Lookout,CA,2021-07-28 14:52:36,50.1001,-91.917,70.18,73,75,8.05
245,Manokwari,ID,2021-07-28 14:52:37,-0.8667,134.0833,79.74,82,91,3.87
246,Lavumisa,SZ,2021-07-28 14:52:37,-27.31,31.892,72.36,25,0,7.31
247,Lufilufi,WS,2021-07-28 14:52:37,-13.8745,-171.5986,71.38,77,96,13.82
248,Aboso,GH,2021-07-28 14:52:38,5.3617,-1.9473,86.11,46,74,8.75
249,Olafsvik,IS,2021-07-28 14:52:36,64.8945,-23.7142,54.03,83,90,14.61
250,Huangmei,CN,2021-07-28 14:52:38,30.1924,116.025,75.11,95,15,9.08
251,Bubaque,GW,2021-07-28 14:52:38,11.2833,-15.8333,80.24,78,100,5.64
252,Turukhansk,RU,2021-07-28 14:52:39,65.8167,87.9833,56.03,82,94,4.29
253,Aswan,EG,2021-07-28 14:52:39,24.0934,32.907,107.37,10,41,16.78
254,Meadow Lake,US,2021-07-28 14:52:39,34.8014,-106.5436,79.48,58,47,1.43
255,Antigonish,CA,2021-07-28 14:52:40,45.6169,-61.9986,66.81,92,100,3.0
256,Agirish,RU,2021-07-28 14:52:40,61.9247,63.0231,45.19,87,92,10.2
257,Port Moresby,PG,2021-07-28 14:52:40,-9.4431,147.1797,74.62,100,40,3.44
258,Yenangyaung,MM,2021-07-28 14:52:41,20.4667,94.8833,78.04,88,100,13.49
259,Kigali,RW,2021-07-28 14:48:50,-1.95,30.0588,78.28,31,0,4.0
260,Fairbanks,US,2021-07-28 14:52:41,64.8378,-147.7164,57.16,94,90,1.99
261,Labuhan,ID,2021-07-28 14:52:41,-6.8844,112.2051,75.4,77,8,8.95
262,Cabo San Lucas,MX,2021-07-28 14:49:11,22.8909,-109.9124,88.81,66,8,8.61
263,Anchorage,US,2021-07-28 14:50:21,61.2181,-149.9003,59.34,83,90,1.01
264,Namatanai,PG,2021-07-28 14:52:42,-3.6667,152.4333,79.07,81,85,3.36
265,Chita,RU,2021-07-28 14:52:42,52.0333,113.55,55.29,94,20,4.47
266,Terrace Bay,CA,2021-07-28 14:52:43,48.7834,-87.1,64.9,71,43,5.86
267,Vallenar,CL,2021-07-28 14:52:43,-28.5708,-70.7581,66.2,22,0,2.46
268,Sangar,RU,2021-07-28 14:52:43,63.9242,127.4739,53.53,47,0,5.21
269,Pisco,PE,2021-07-28 14:52:44,-13.7,-76.2167,64.45,72,20,2.3
270,Vila Velha,BR,2021-07-28 14:50:32,-20.3297,-40.2925,84.15,60,0,2.3
271,Port Blair,IN,2021-07-28 14:52:44,11.6667,92.75,82.27,86,100,18.12
272,Hilo,US,2021-07-28 14:51:41,19.7297,-155.09,73.13,91,90,4.61
273,Mahebourg,MU,2021-07-28 14:52:44,-20.4081,57.7,70.09,88,75,18.41
274,Iqaluit,CA,2021-07-28 14:52:45,63.7506,-68.5145,49.73,61,20,5.01
275,Korla,CN,2021-07-28 14:52:09,41.7597,86.1469,95.88,14,59,4.56
276,Pachino,IT,2021-07-28 14:52:45,36.7186,15.0907,99.59,49,0,15.17
277,Sao Felix Do Xingu,BR,2021-07-28 14:52:45,-6.6447,-51.995,95.34,22,0,3.62
278,Nirmal,IN,2021-07-28 14:52:46,19.1,78.35,80.71,69,100,9.44
279,Kandrian,PG,2021-07-28 14:52:46,-6.2167,149.55,77.31,92,97,8.5
280,Ayagoz,KZ,2021-07-28 14:52:46,47.9714,80.4392,64.81,32,67,12.44
281,Slonim,BY,2021-07-28 14:52:47,53.0867,25.3219,81.72,52,100,6.11
282,Batagay-Alyta,RU,2021-07-28 14:52:47,67.8006,130.4114,42.69,74,3,6.08
283,Sanming,CN,2021-07-28 14:52:47,26.2486,117.6186,80.11,87,57,3.2
284,Matagami,CA,2021-07-28 14:52:48,49.7502,-77.6328,64.51,55,1,6.91
285,Cascais,PT,2021-07-28 14:48:35,38.6979,-9.4215,85.86,58,20,13.0
286,Tamala,RU,2021-07-28 14:52:48,52.541,43.2515,75.72,47,100,0.54
287,Shache,CN,2021-07-28 14:52:48,38.4167,77.2406,92.16,11,6,8.08
288,Khatanga,RU,2021-07-28 14:52:35,71.9667,102.5,80.26,45,99,15.1
289,Lasa,IT,2021-07-28 14:52:49,46.6166,10.7002,72.63,93,99,4.79
290,Isilkul,RU,2021-07-28 14:52:49,54.9109,71.2728,58.32,90,100,4.59
291,Coquimbo,CL,2021-07-28 14:52:49,-29.9533,-71.3436,49.73,87,40,6.91
292,Port Hardy,CA,2021-07-28 14:52:49,50.6996,-127.4199,51.98,100,40,0.0
293,Chapais,CA,2021-07-28 14:52:50,49.7834,-74.8492,60.58,41,9,5.55
294,Sampit,ID,2021-07-28 14:52:50,-2.5333,112.95,73.9,96,22,2.35
295,Tarana,IN,2021-07-28 14:52:50,23.3333,76.0333,76.37,84,100,15.5
296,Lazaro Cardenas,MX,2021-07-28 14:52:51,17.9583,-102.2,81.75,78,55,2.42
297,Hobyo,SO,2021-07-28 14:52:51,5.3505,48.5268,79.0,73,88,24.9
298,Ibotirama,BR,2021-07-28 14:52:14,-12.1853,-43.2206,93.96,22,0,1.54
299,Green Valley,US,2021-07-28 14:52:51,31.8543,-110.9937,84.63,51,41,2.33
300,Arlit,NE,2021-07-28 14:52:37,18.7369,7.3853,98.87,24,4,1.32
301,Gasa,PS,2021-07-28 14:52:52,31.5,34.4667,89.91,58,0,13.04
302,Omboue,GA,2021-07-28 14:52:52,-1.5746,9.2618,76.71,73,97,9.28
303,Bud,US,2021-07-28 14:52:52,39.447,-86.1758,80.69,85,55,5.06
304,Nata,PA,2021-07-28 14:52:53,8.3333,-80.5167,86.47,75,71,3.02
305,Povorino,RU,2021-07-28 14:52:53,51.1945,42.2457,78.75,40,80,2.73
306,Petrolina,BR,2021-07-28 14:48:43,-9.3986,-40.5008,80.65,57,75,8.05
307,Bilma,NE,2021-07-28 14:52:53,18.6853,12.9164,100.99,23,100,5.17
308,Karlstad,SE,2021-07-28 14:52:54,59.3793,13.5036,72.16,73,20,10.36
309,Hearst,CA,2021-07-28 14:50:56,49.6835,-83.6665,68.25,46,100,9.57
310,Khartoum,SD,2021-07-28 14:52:54,15.5518,32.5324,96.84,34,75,10.27
311,Kavieng,PG,2021-07-28 14:52:54,-2.5744,150.7967,82.63,76,42,8.61
312,Port-Gentil,GA,2021-07-28 14:52:55,-0.7193,8.7815,82.36,69,40,14.97
313,Shchelkun,RU,2021-07-28 14:52:55,56.3034,60.9483,60.37,60,84,8.12
314,Garowe,SO,2021-07-28 14:52:55,8.4054,48.4845,82.63,42,96,25.1
315,Lake Cowichan,CA,2021-07-28 14:52:56,48.825,-124.0546,68.29,50,0,1.57
316,Constitucion,CL,2021-07-28 14:52:56,-35.3333,-72.4167,52.95,42,0,2.73
317,Taltal,CL,2021-07-28 14:52:56,-25.4,-70.4833,62.73,54,0,6.42
318,Grindavik,IS,2021-07-28 14:52:57,63.8424,-22.4338,60.75,77,75,13.8
319,Rezzato,IT,2021-07-28 14:52:57,45.5142,10.3167,85.08,54,75,3.44
320,Inhambane,MZ,2021-07-28 14:52:57,-23.865,35.3833,69.33,54,7,8.21
321,Nouadhibou,MR,2021-07-28 14:52:03,20.931,-17.0347,76.98,65,2,18.41
322,Luwuk,ID,2021-07-28 14:52:58,-0.9516,122.7875,77.58,87,81,4.94
323,Ust-Kut,RU,2021-07-28 14:52:58,56.7938,105.7672,68.25,59,14,1.97
324,Randolph,US,2021-07-28 14:51:45,35.7001,-79.8164,88.65,74,1,0.0
325,Xining,CN,2021-07-28 14:48:07,36.6167,101.7667,56.52,71,66,2.19
326,Tambacounda,SN,2021-07-28 14:52:59,13.7539,-13.7586,91.45,66,75,6.91
327,Beaverlodge,CA,2021-07-28 14:52:59,55.2166,-119.4361,54.75,42,50,5.57
328,Vinh,VN,2021-07-28 14:52:59,18.6667,105.6667,83.64,73,100,7.23
329,Dorna,RO,2021-07-28 14:53:00,47.35,25.4333,82.85,39,34,6.31
330,Agadez,NE,2021-07-28 14:53:00,19.75,10.25,102.76,18,67,3.87
331,Vila Franca Do Campo,PT,2021-07-28 14:53:00,37.7167,-25.4333,73.81,76,66,5.21
332,Marsh Harbour,BS,2021-07-28 14:53:01,26.5412,-77.0636,84.7,67,6,4.09
333,Ust-Nera,RU,2021-07-28 14:53:01,64.5667,143.2,41.18,82,17,6.96
334,Hanzhong,CN,2021-07-28 14:53:01,33.0728,107.0303,74.05,77,2,0.92
335,Baruun-Urt,MN,2021-07-28 14:53:01,46.6806,113.2792,63.41,81,91,6.17
336,Champerico,GT,2021-07-28 14:53:02,14.3,-91.9167,88.75,78,70,3.18
337,Gua Musang,MY,2021-07-28 14:53:02,4.8823,101.9644,78.1,86,95,0.51
338,Lahad Datu,MY,2021-07-28 14:53:03,5.0268,118.327,79.27,89,80,3.91
339,Zemio,CF,2021-07-28 14:53:03,5.0314,25.1361,76.08,87,92,0.22
340,Smithers,CA,2021-07-28 14:53:03,54.7804,-127.1743,52.12,93,90,0.0
341,Sao Luis,BR,2021-07-28 14:53:04,-2.5297,-44.3028,88.0,62,75,13.8
342,Hurghada,EG,2021-07-28 14:53:04,27.2574,33.8129,97.52,29,0,22.1
343,Richards Bay,ZA,2021-07-28 14:53:04,-28.783,32.0377,69.44,46,0,4.59
344,Margherita,IN,2021-07-28 14:53:05,27.2833,95.6833,78.04,95,19,4.85
345,La Massana,AD,2021-07-28 14:53:05,42.5667,1.4833,74.64,59,92,3.83
346,Faya,SA,2021-07-28 14:53:05,18.3851,42.4509,69.91,58,81,11.16
347,Reconquista,AR,2021-07-28 14:52:19,-29.15,-59.65,51.03,37,0,16.06
348,Mountain Home,US,2021-07-28 14:49:16,43.133,-115.6912,76.48,33,20,12.66
349,Am Timan,TD,2021-07-28 14:53:06,11.0297,20.2827,80.62,73,100,3.06
350,Belmonte,BR,2021-07-28 14:53:06,-15.8631,-38.8828,81.1,64,1,8.34
351,Esperance,AU,2021-07-28 14:53:06,-33.8667,121.9,53.44,60,56,20.45
352,Kuopio,FI,2021-07-28 14:53:07,62.8924,27.677,80.55,41,0,6.91
353,Plouzane,FR,2021-07-28 14:53:07,48.3833,-4.6167,68.18,68,75,20.71
354,Nanortalik,GL,2021-07-28 14:53:07,60.1432,-45.2371,46.65,83,45,9.71
355,Havre-Saint-Pierre,CA,2021-07-28 14:53:08,50.2334,-63.5986,57.56,88,90,9.22
356,Sorkjosen,NO,2021-07-28 14:53:08,69.8,20.9333,52.63,85,78,8.97
357,Gornozavodsk,RU,2021-07-28 14:53:08,58.3758,58.3211,50.11,73,100,6.98
358,Benghazi,LY,2021-07-28 14:53:09,32.1167,20.0667,84.04,60,0,16.64
359,Ancud,CL,2021-07-28 14:53:09,-41.8697,-73.8203,42.33,81,19,5.35
360,Aranos,NA,2021-07-28 14:53:09,-24.1333,19.1167,71.76,14,0,8.05
361,Karlskrona,SE,2021-07-28 14:53:09,56.1616,15.5866,73.85,69,100,12.86
362,Quelimane,MZ,2021-07-28 14:53:10,-17.8786,36.8883,80.55,47,75,8.05
363,Graaff-Reinet,ZA,2021-07-28 14:53:10,-32.2522,24.5308,66.92,30,8,16.62
364,Erdenet,MN,2021-07-28 14:53:10,49.0333,104.0833,58.15,87,97,2.37
365,Chardara,KZ,2021-07-28 14:53:11,41.2547,67.9692,88.16,19,0,18.07
366,Luba,GQ,2021-07-28 14:53:11,3.4568,8.5547,84.09,81,95,7.74
367,Bengkulu,ID,2021-07-28 14:49:16,-3.8004,102.2655,77.09,81,78,6.76
368,Hit,IQ,2021-07-28 14:53:11,33.6416,42.8251,104.43,12,0,18.9
369,Kurilsk,RU,2021-07-28 14:53:12,45.2333,147.8833,65.71,93,100,8.5
370,Namwala,ZM,2021-07-28 14:53:12,-15.7504,26.4384,72.68,25,2,5.79
371,Kirakira,SB,2021-07-28 14:52:20,-10.4544,161.9205,78.12,86,41,7.63
372,Vanimo,PG,2021-07-28 14:53:12,-2.6741,141.3028,78.44,89,29,4.81
373,Manitouwadge,CA,2021-07-28 14:53:13,49.1215,-85.8403,64.18,47,89,10.45
374,Anahuac,MX,2021-07-28 14:53:13,27.2333,-100.15,87.19,52,2,9.64
375,San Policarpo,PH,2021-07-28 14:53:13,12.1791,125.5072,81.48,79,100,6.02
376,Baykit,RU,2021-07-28 14:53:14,61.67,96.37,62.6,72,100,4.23
377,Nuevo Progreso,MX,2021-07-28 14:53:14,23.1667,-97.95,85.59,82,16,1.99
378,Ondarroa,ES,2021-07-28 14:53:14,43.3167,-2.4167,74.93,73,67,5.7
379,Viedma,AR,2021-07-28 14:53:15,-40.8135,-62.9967,48.51,55,10,9.17
380,Laylay,PH,2021-07-28 14:53:15,13.4391,121.8202,80.1,75,97,9.6
381,Houma,US,2021-07-28 14:53:15,29.5958,-90.7195,90.0,71,4,3.0
382,Pleasant Grove,US,2021-07-28 14:53:16,40.3641,-111.7385,82.42,50,75,8.05
383,Zhigansk,RU,2021-07-28 14:53:16,66.7697,123.3711,56.08,54,2,5.3
384,Rongcheng,CN,2021-07-28 14:53:16,30.634,117.8517,77.05,96,32,3.22
385,Dovhe,UA,2021-07-28 14:53:16,48.3653,23.279,76.71,73,63,5.21
386,Martinsville,US,2021-07-28 14:53:17,36.6915,-79.8725,86.59,68,1,5.75
387,Torre Del Greco,IT,2021-07-28 14:53:17,40.7839,14.3708,102.31,29,0,6.91
388,Honiara,SB,2021-07-28 14:53:17,-9.4333,159.95,76.03,85,45,4.34
389,Dvorichna,UA,2021-07-28 14:53:18,49.8496,37.6857,87.71,29,95,9.22
390,Udachnyy,RU,2021-07-28 14:53:18,66.4167,112.4,74.3,57,65,13.0
391,Toamasina,MG,2021-07-28 14:53:19,-18.1667,49.3833,68.0,94,75,17.27
392,Egvekinot,RU,2021-07-28 14:53:19,66.3167,-179.1667,36.5,91,100,6.93
393,Vardo,NO,2021-07-28 14:53:19,70.3705,31.1107,48.4,84,100,2.55
394,Tilichiki,RU,2021-07-28 14:53:20,60.4667,166.1,44.37,78,22,7.05
395,Penhold,CA,2021-07-28 14:53:20,52.1334,-113.8687,61.84,88,1,7.27
396,Tizimin,MX,2021-07-28 14:53:20,21.15,-88.15,89.04,56,11,7.25
397,Ngunguru,NZ,2021-07-28 14:53:20,-35.6167,174.5,47.16,90,64,6.35
398,Parkes,AU,2021-07-28 14:53:21,-33.1333,148.1833,46.35,83,43,7.38
399,Sept-Iles,CA,2021-07-28 14:51:32,50.2001,-66.3821,64.26,64,75,7.0
400,College,US,2021-07-28 14:53:21,64.8569,-147.8028,56.59,95,90,1.99
401,Namibe,AO,2021-07-28 14:53:21,-15.1961,12.1522,75.83,78,0,12.66
402,Totma,RU,2021-07-28 14:53:22,59.9747,42.7642,73.18,44,4,4.9
403,Kutum,SD,2021-07-28 14:53:22,14.2,24.6667,82.35,46,100,7.11
404,Mayumba,GA,2021-07-28 14:53:22,-3.432,10.6554,76.23,76,50,8.97
405,Novoagansk,RU,2021-07-28 14:53:23,61.9449,76.6625,56.73,81,70,1.79
406,Abnub,EG,2021-07-28 14:53:23,27.2696,31.1511,101.43,12,29,16.55
407,Kieta,PG,2021-07-28 14:53:23,-6.2167,155.6333,78.26,85,98,3.24
408,Biak,ID,2021-07-28 14:53:23,-0.9131,122.8766,76.89,85,84,5.59
409,Sinnamary,GF,2021-07-28 14:53:24,5.3833,-52.95,85.26,65,29,9.53
410,Auki,SB,2021-07-28 14:53:24,-8.7676,160.7034,76.3,89,99,3.33
411,Abu Samrah,SY,2021-07-28 14:53:24,35.3029,37.1841,98.06,12,0,19.6
412,Oranjestad,AW,2021-07-28 14:53:25,12.524,-70.027,85.95,66,75,14.97
413,Kirkby In Ashfield,GB,2021-07-28 14:53:25,53.0998,-1.2438,68.61,69,100,5.99
414,Huarmey,PE,2021-07-28 14:52:53,-10.0681,-78.1522,68.67,75,29,9.35
415,Maniitsoq,GL,2021-07-28 14:53:26,65.4167,-52.9,47.25,82,46,17.52
416,Imbituba,BR,2021-07-28 14:51:09,-28.24,-48.6703,53.49,37,0,4.43
417,Ipixuna,BR,2021-07-28 14:53:26,-1.7625,-48.8043,87.75,48,6,3.51
418,Kharp,RU,2021-07-28 14:53:26,66.8014,65.8081,48.88,87,100,2.62
419,Port-Cartier,CA,2021-07-28 14:53:27,50.0334,-66.8654,63.93,51,93,7.47
420,Luderitz,NA,2021-07-28 14:53:27,-26.6481,15.1594,63.25,58,0,20.07
421,Shitanjing,CN,2021-07-28 14:53:27,39.2342,106.3439,76.15,34,25,5.1
422,Vao,NC,2021-07-28 14:53:27,-22.6667,167.4833,69.21,59,88,16.93
423,Saint-Augustin,CA,2021-07-28 14:53:24,51.226,-58.6502,66.9,70,88,11.39
424,Phek,IN,2021-07-28 14:53:28,25.6667,94.5,61.63,99,59,3.15
425,Shieli,KZ,2021-07-28 14:53:28,44.1667,66.75,84.7,14,0,10.22
426,Ekangala,ZA,2021-07-28 14:53:28,-25.6962,28.7492,63.3,24,0,8.16
427,Ixtapa,MX,2021-07-28 14:53:29,20.7,-105.2,82.22,82,99,1.01
428,Poum,NC,2021-07-28 14:53:29,-20.2333,164.0167,71.65,66,58,19.04
429,Providencia,MX,2021-07-28 14:53:29,28.7167,-111.5833,86.41,65,9,4.0
430,Kshenskiy,RU,2021-07-28 14:53:30,51.8408,37.7136,70.0,62,100,11.83
431,Hasaki,JP,2021-07-28 14:53:30,35.7333,140.8333,77.4,89,6,21.36
432,Bara,NG,2021-07-28 14:53:30,10.3744,10.7288,83.98,74,100,1.74
433,Poya,NC,2021-07-28 14:53:31,-21.35,165.15,67.06,71,48,5.91
434,Marawi,PH,2021-07-28 14:53:31,7.9986,124.2928,74.64,85,97,5.48
435,Cockburn Town,TC,2021-07-28 14:49:43,21.4612,-71.1419,85.96,66,40,13.8
436,Vila,PT,2021-07-28 14:53:31,42.0304,-8.1588,76.33,37,0,6.58
437,Ukiah,US,2021-07-28 14:53:32,39.1502,-123.2078,81.03,72,1,0.0
438,Kedrovyy,RU,2021-07-28 14:53:32,56.1667,91.8167,55.81,69,100,2.33
439,Cururupu,BR,2021-07-28 14:53:32,-1.8283,-44.8683,88.16,54,7,7.14
440,Rio Gallegos,AR,2021-07-28 14:53:32,-51.6226,-69.2181,46.45,76,0,17.27
441,Ewa Beach,US,2021-07-28 14:53:33,21.3156,-158.0072,78.75,83,75,3.44
442,Fergus Falls,US,2021-07-28 14:52:07,46.283,-96.0776,77.72,78,1,18.41
443,Muros,ES,2021-07-28 14:53:33,42.7762,-9.0603,78.67,50,0,16.98
444,Beloha,MG,2021-07-28 14:51:53,-25.1667,45.05,66.36,78,23,14.52
445,Omaruru,NA,2021-07-28 14:53:33,-21.4333,15.9333,73.89,14,0,7.78
446,Mairipora,BR,2021-07-28 14:53:34,-23.3186,-46.5867,54.28,94,90,6.91
447,Barra Do Garcas,BR,2021-07-28 14:53:34,-15.89,-52.2567,77.58,57,0,6.91
448,Kulhudhuffushi,MV,2021-07-28 14:53:34,6.6221,73.07,82.92,77,100,13.85
449,Axim,GH,2021-07-28 14:53:35,4.8699,-2.2405,80.73,61,76,8.39
450,Dashitou,CN,2021-07-28 14:53:35,43.3067,128.5114,70.12,90,89,0.16
451,Bargarh,IN,2021-07-28 14:53:36,21.3333,83.6167,75.94,90,100,12.64
452,Nanyang,CN,2021-07-28 14:53:36,32.9947,112.5328,77.4,72,14,15.17
453,Concepcion Del Oro,MX,2021-07-28 14:53:36,24.6333,-101.4167,64.54,51,6,3.96
454,Maltahohe,NA,2021-07-28 14:53:37,-24.8333,16.9833,68.83,15,0,16.62
455,Hambantota,LK,2021-07-28 14:53:37,6.1241,81.1185,84.54,79,75,16.11
456,Alta Floresta,BR,2021-07-28 14:53:37,-9.8756,-56.0861,87.62,42,0,5.75
457,Krasnyy Chikoy,RU,2021-07-28 14:53:38,50.3643,108.7512,58.51,74,0,0.87
458,Bonavista,CA,2021-07-28 14:53:38,48.6499,-53.1147,71.6,88,100,14.56
459,Bangassou,CF,2021-07-28 14:53:38,4.7413,22.8184,81.91,59,88,2.53
460,Dalton,US,2021-07-28 14:53:39,34.7698,-84.9702,88.54,79,1,4.61
461,Ayios Nikolaos,GR,2021-07-28 14:53:39,38.4167,23.65,100.76,9,0,10.18
462,Kudahuvadhoo,MV,2021-07-28 14:53:39,2.6708,72.8944,81.64,74,100,6.58
463,Yulara,AU,2021-07-28 14:53:39,-25.2406,130.9889,58.84,51,40,8.05
464,Lares,PR,2021-07-28 14:53:40,18.2947,-66.8771,86.63,100,11,5.26
465,Korisos,GR,2021-07-28 14:53:40,40.5,21.3833,93.61,14,52,1.19
466,Peniche,PT,2021-07-28 14:53:40,39.3558,-9.3811,85.95,70,1,20.49
467,Lat Yao,TH,2021-07-28 14:53:41,15.751,99.7893,82.27,69,100,10.74
468,Canico,PT,2021-07-28 14:53:41,32.6333,-16.85,81.72,66,20,19.57
469,Kamenka,RU,2021-07-28 14:53:41,51.3223,42.7678,78.89,39,96,4.54
470,Nome,US,2021-07-28 14:53:42,64.5011,-165.4064,51.17,97,100,18.68
471,Mecca,SA,2021-07-28 14:53:42,21.4267,39.8261,97.43,37,65,11.05
472,Piranshahr,IR,2021-07-28 14:53:42,36.701,45.1413,89.31,22,5,3.22
473,Balaipungut,ID,2021-07-28 14:53:43,1.05,101.2833,84.61,94,81,3.18
474,Wajir,KE,2021-07-28 14:53:43,1.7471,40.0573,86.61,35,87,16.6
475,Palmerston,AU,2021-07-28 14:53:43,-12.486,130.9833,76.98,91,0,4.61
476,Den Helder,NL,2021-07-28 14:53:43,52.9599,4.7593,69.96,80,90,21.99
477,Tabou,CI,2021-07-28 14:53:44,4.423,-7.3528,80.55,62,100,6.08
478,Anloga,GH,2021-07-28 14:53:44,5.7947,0.8973,82.62,71,71,15.84
479,Adrar,MR,2021-07-28 14:53:44,20.5022,-10.0711,108.73,10,61,9.84
480,Urumqi,CN,2021-07-28 14:53:45,43.801,87.6005,85.15,29,0,4.47
481,Itaituba,BR,2021-07-28 14:53:45,-4.2761,-55.9836,91.56,58,0,5.75
482,Saint-Francois,FR,2021-07-28 14:53:45,46.4154,3.9054,76.48,56,75,8.05
483,Morondava,MG,2021-07-28 14:53:46,-20.2833,44.2833,73.4,59,0,9.19
484,Salinopolis,BR,2021-07-28 14:53:46,-0.6136,-47.3561,84.69,67,6,10.38
485,Teya,RU,2021-07-28 14:53:46,60.3778,92.6267,57.07,76,100,0.11
486,Nemuro,JP,2021-07-28 14:53:47,43.3236,145.575,66.22,98,33,9.31
487,Shingu,JP,2021-07-28 14:53:47,33.7333,135.9833,81.91,92,2,6.17
488,Dalmeny,CA,2021-07-28 14:53:47,52.3334,-106.7679,68.68,59,40,5.75
489,Angoche,MZ,2021-07-28 14:53:19,-16.2325,39.9086,73.45,64,24,10.47
490,Vidim,RU,2021-07-28 14:53:48,56.4088,103.1106,74.68,44,79,3.76
491,Songjianghe,CN,2021-07-28 14:53:48,42.1859,127.479,70.2,88,100,1.83
492,Bonfim,BR,2021-07-28 14:51:12,3.0833,-59.95,83.98,68,55,2.15
493,Ashcroft,CA,2021-07-28 14:53:48,50.7165,-121.2859,61.02,47,0,1.52
494,Humaita,BR,2021-07-28 14:53:49,-7.5061,-63.0208,94.98,29,27,3.87
495,Fresno,US,2021-07-28 14:53:49,36.6666,-119.8343,82.96,55,9,4.03
496,Meulaboh,ID,2021-07-28 14:53:49,4.1363,96.1285,78.42,85,49,2.46
497,Araouane,ML,2021-07-28 14:53:50,18.9048,-3.5265,105.69,21,52,8.7
498,Erzin,TR,2021-07-28 14:53:50,36.9559,36.2,99.12,20,0,15.86
499,Hofn,IS,2021-07-28 14:53:50,64.2539,-15.2082,51.82,93,90,9.22
500,Walvis Bay,NA,2021-07-28 14:53:50,-22.9575,14.5053,63.09,59,1,26.4
501,Zhezkazgan,KZ,2021-07-28 14:53:51,47.8043,67.7144,78.48,18,55,9.04
502,Mopti,ML,2021-07-28 14:53:51,14.6667,-4.0,96.42,36,95,3.11
503,Masvingo,ZW,2021-07-28 14:51:59,-20.0637,30.8277,67.24,34,0,4.12
504,Jaclupan,PH,2021-07-28 14:53:52,10.3,123.8167,83.7,65,40,5.75
505,Tsagan Aman,RU,2021-07-28 14:53:52,47.5639,46.7218,89.53,20,7,7.16
506,Magadan,RU,2021-07-28 14:53:52,59.5667,150.8,51.44,65,90,10.89
507,Cidreira,BR,2021-07-28 14:52:51,-30.1811,-50.2056,50.13,58,37,20.96
508,Mago,RU,2021-07-28 14:53:53,53.2514,140.1822,68.18,93,100,3.22
509,Nanchang,CN,2021-07-28 14:53:53,28.6833,115.8833,79.63,86,10,4.07
510,Nakamura,JP,2021-07-28 14:53:53,32.9833,132.9333,74.44,95,3,3.09
511,Hazorasp,UZ,2021-07-28 14:53:53,41.3194,61.0742,89.44,14,0,15.93
512,Iwanai,JP,2021-07-28 14:53:54,42.9744,140.5089,70.83,95,21,6.62
513,Presidente Medici,BR,2021-07-28 14:53:54,-11.1753,-61.9014,82.53,38,0,8.59
514,Saldanha,ZA,2021-07-28 14:53:54,-33.0117,17.9442,59.05,58,16,8.77
515,Genhe,CN,2021-07-28 14:53:55,50.7833,121.5167,58.3,97,0,2.08
516,Ulladulla,AU,2021-07-28 14:53:55,-35.35,150.4667,56.3,48,0,6.71
517,Neiafu,TO,2021-07-28 14:53:55,-18.65,-173.9833,68.68,100,75,0.0
518,Luanda,AO,2021-07-28 14:53:56,-8.8368,13.2343,78.8,69,20,10.36
519,Kenai,US,2021-07-28 14:53:56,60.5544,-151.2583,54.09,85,1,0.0
520,Lisala,CD,2021-07-28 14:53:56,2.15,21.5167,89.96,36,75,1.45
521,Denpasar,ID,2021-07-28 14:53:38,-8.65,115.2167,78.46,94,20,6.91
522,Celestun,MX,2021-07-28 14:53:57,20.8667,-90.4,83.79,67,6,4.81
523,Abrau-Dyurso,RU,2021-07-28 14:53:57,44.69,37.59,83.66,43,3,14.0
524,Ochakiv,UA,2021-07-28 14:53:57,46.6128,31.5498,86.18,61,32,13.98
525,Pontian Kecil,MY,2021-07-28 14:53:58,1.4801,103.3899,84.52,76,65,8.84
526,Boyuibe,BO,2021-07-28 14:52:34,-20.4167,-63.2833,57.11,27,39,11.27
527,Malakal,SS,2021-07-28 14:53:58,9.5334,31.6605,78.91,83,95,0.54
528,Gao,ML,2021-07-28 14:53:58,16.6362,1.637,96.03,36,28,7.74
529,Shipitsyno,RU,2021-07-28 14:53:59,61.2806,46.5208,68.47,43,58,7.43
530,Hella,NO,2021-07-28 14:53:59,67.2,14.4333,81.75,56,20,9.22
531,Nhulunbuy,AU,2021-07-28 14:53:59,-12.2333,136.7667,72.21,94,65,5.75
532,Santa Maria,BR,2021-07-28 14:50:07,-29.6842,-53.8069,47.5,57,40,12.66
533,Aketi,CD,2021-07-28 14:54:00,2.7388,23.7833,87.96,43,77,0.51
534,Trairi,BR,2021-07-28 14:51:08,-3.2778,-39.2689,88.09,52,14,14.9
535,De-Kastri,RU,2021-07-28 14:54:00,51.4667,140.7833,64.65,99,100,4.0
536,Andalan,PH,2021-07-28 14:54:00,5.9594,121.3903,81.05,84,43,7.16
537,Punta Gorda,US,2021-07-28 14:54:01,26.9298,-82.0454,88.07,74,40,8.01
538,Virginia Beach,US,2021-07-28 14:50:50,36.8529,-75.978,91.04,70,40,4.61
539,Luangwa,ZM,2021-07-28 14:54:01,-15.6167,30.4167,74.68,39,7,9.28
540,Gubkinskiy,RU,2021-07-28 14:54:02,64.434,76.5026,55.44,81,80,3.67
541,Praia Da Vitoria,PT,2021-07-28 14:54:02,38.7333,-27.0667,73.65,88,75,9.42
542,Hami,CN,2021-07-28 14:54:02,42.8,93.45,95.54,14,17,5.64
543,Bahia De Caraquez,EC,2021-07-28 14:54:03,-0.6,-80.4167,73.58,82,98,1.97
544,Gambela,ET,2021-07-28 14:54:03,8.25,34.5833,77.9,89,100,2.59
545,Sao Joao Da Barra,BR,2021-07-28 14:54:03,-21.6403,-41.0511,78.89,58,4,10.83
546,Charlestown,AU,2021-07-28 14:54:04,-32.95,151.6667,58.73,68,37,1.99
547,Salamiyah,SY,2021-07-28 14:54:04,35.0113,37.0532,96.4,14,0,19.93
548,Wasilla,US,2021-07-28 14:54:04,61.5814,-149.4394,58.42,91,90,0.0
549,Dubuque,US,2021-07-28 14:54:04,42.4833,-90.8668,83.55,75,91,5.5
550,Roma,US,2021-07-28 14:50:03,43.2128,-75.4557,70.39,74,75,3.44
551,Nosy Varika,MG,2021-07-28 14:54:05,-20.5833,48.5333,67.48,83,30,6.38
